"date","time","latitude","longitude","velocity","numSatellites","temperature","pressure","altitude"
"","","","","","0","15.3489","97693.49","291.621"
"","","","","","0","15.3489","97700.05","291.0847"
"","","","","","0","15.40852","97716.63","289.7284"
"29-04-23","13:49:58","4024.984","-8850.241","0.678","0","15.40852","97622.64","297.4178"
"29-04-23","13:50:29","4024.984","-8850.24","0.549","3","15.87134","97752.86","286.7672"
"29-04-23","13:51:00","4024.982","-8850.242","0.513","3","15.87134","97695.97","291.4186"
"29-04-23","13:51:29","4024.981","-8850.245","0.192","3","15.65998","97637.05","296.2391"
"29-04-23","13:52:00","4024.986","-8850.245","0.6690001","3","15.65998","97672.77","293.3164"
"29-04-23","13:52:31","4024.99","-8850.241","0.076","5","15.54093","97638.94","296.0839"
"29-04-23","13:53:02","4024.99","-8850.241","0.21","6","15.54093","97736.61","288.0949"
"29-04-23","13:53:33","4024.989","-8850.243","1.419","6","15.35552","97684.73","292.3377"
"29-04-23","13:54:04","4024.991","-8850.241","0.153","6","15.35552","97679.63","292.7549"
"29-04-23","13:54:35","4024.99","-8850.243","0.474","6","15.38202","97686.84","292.1653"
"29-04-23","13:55:06","4024.992","-8850.242","0.209","6","15.38202","97745.13","287.3991"
"29-04-23","13:55:37","4024.992","-8850.242","0.144","7","15.23619","97704.0","290.7619"
"29-04-23","13:56:08","4024.992","-8850.242","0.44","8","15.23619","97741.15","287.7244"
"29-04-23","13:56:39","4024.991","-8850.243","0.31","8","15.09019","97699.99","291.0891"
"29-04-23","13:57:10","4024.99","-8850.242","0.107","8","15.09019","97699.99","291.0891"
"29-04-23","13:57:41","4024.991","-8850.241","0.12","8","14.77771","97611.8","298.3055"
"29-04-23","13:58:12","4024.991","-8850.242","0.293","8","14.77771","97755.86","286.5214"
"29-04-23","13:58:43","4024.992","-8850.241","2.148","8","14.61784","97710.93","290.1947"
"29-04-23","13:59:14","4025.0","-8850.234","0.009","8","14.61784","97822.22","281.0994"
"29-04-23","13:59:45","4025.0","-8850.233","0.051","8","13.74161","97575.01","301.3173"
"29-04-23","14:00:16","4025.001","-8850.233","0.102","8","13.74161","97718.02","289.6151"
"29-04-23","14:00:47","4025.0","-8850.234","0.257","8","13.78188","97728.95","288.7207"
"29-04-23","14:01:18","4024.999","-8850.233","0.053","8","13.78188","97750.01","287.0"
"29-04-23","14:01:49","4025.0","-8850.234","0.026","9","13.89591","97782.1","284.3769"
"29-04-23","14:02:20","4025.0","-8850.233","0.055","10","13.89591","97726.18","288.9479"
"29-04-23","14:02:51","4025.0","-8850.234","0.024","9","13.82884","97707.25","290.4956"
"29-04-23","14:03:22","4025.0","-8850.233","0.019","10","13.82884","97771.14","287.4201"
"29-04-23","14:03:53","4025.0","-8850.233","0.069","11","13.7349","97740.51","287.7768"
"29-04-23","14:04:24","4025.0","-8850.233","0.042","11","13.86238","97776.27","284.8541"
"29-04-23","14:04:55","4025.001","-8850.233","0.046","11","13.86238","97823.47","280.9975"
"29-04-23","14:05:26","4025.001","-8850.233","0.196","11","13.70804","97780.4","284.516"
"29-04-23","14:05:57","4025.001","-8850.233","0.049","11","13.70804","97699.09","291.1629"
"29-04-23","14:06:28","4025.001","-8850.233","0.072","10","13.86908","97744.31","287.4658"
"29-04-23","14:06:59","4025.0","-8850.233","0.04","11","13.86908","97754.48","286.6348"
"29-04-23","14:07:30","4025.001","-8850.233","0.124","11","13.75503","97722.4","289.257"
"29-04-23","14:08:01","4025.0","-8850.233","0.06","11","13.75503","97719.49","289.4951"
"29-04-23","14:08:32","4025.0","-8850.233","0.035","11","13.95623","97776.36","284.8465"
"29-04-23","14:09:03","4025.0","-8850.233","0.062","11","13.95623","97760.38","286.1519"
"29-04-23","14:09:34","4025.0","-8850.233","0.037","11","13.92272","97750.91","286.9258"
"29-04-23","14:10:05","4025.001","-8850.233","0.058","11","13.92272","97684.1","292.3892"
"29-04-23","14:10:36","4025.0","-8850.233","0.014","11","14.2106","97765.62","285.7242"
"29-04-23","14:11:07","4025.0","-8850.234","0.057","10","14.2106","97754.71","286.6157"
"29-04-23","14:11:38","4025.0","-8850.234","0.052","10","13.94283","97679.03","292.8035"
"29-04-23","14:12:09","4025.0","-8850.234","0.015","11","13.94283","97691.37","291.7948"
"29-04-23","14:12:40","4025.0","-8850.234","0.014","11","14.15709","97751.79","286.8543"
"29-04-23","14:13:11","4025.0","-8850.234","0.017","11","14.15709","97658.05","294.5204"
"29-04-23","14:13:42","4025.001","-8850.235","0.014","10","14.48447","97750.3","286.9762"
"29-04-23","14:14:13","4025.0","-8850.234","0.018","10","14.48447","97746.67","287.2725"
"29-04-23","14:14:44","4025.0","-8850.235","0.048","11","14.22398","97673.32","293.2712"
"29-04-23","14:15:15","4025.0","-8850.235","0.036","11","14.22398","97668.23","293.6874"
"29-04-23","14:15:46","4025.001","-8850.235","0.032","10","14.43776","97728.51","288.7578"
"29-04-23","14:16:17","4025.001","-8850.235","0.037","10","14.43776","97685.61","292.2654"
"29-04-23","14:16:48","4025.001","-8850.235","0.014","11","14.41773","97679.82","292.7387"
"29-04-23","14:17:19","4025.001","-8850.235","0.033","10","14.41773","97669.63","293.5726"
"29-04-23","14:17:50","4025.001","-8850.236","0.065","11","14.58452","97716.79","289.7156"
"29-04-23","14:18:21","4025.0","-8850.236","0.027","10","14.58452","97677.51","292.9283"
"29-04-23","14:18:52","4025.002","-8850.24","2.584","10","14.87752","97760.09","286.1761"
"29-04-23","14:19:23","4025.015","-8850.261","2.533","9","14.87752","97722.24","289.2698"
"29-04-23","14:19:54","4025.032","-8850.259","2.379","10","14.15709","97519.27","305.8825"
"29-04-23","14:20:25","4025.044","-8850.244","0.18","9","14.15709","97751.79","286.8543"
"29-04-23","14:20:56","4025.042","-8850.249","0.024","10","13.41897","97543.33","303.9118"
"29-04-23","14:21:27","4025.044","-8850.246","1.762","11","13.41897","97733.38","288.3592"
"29-04-23","14:21:58","4025.047","-8850.244","0.07","11","13.49971","97756.05","286.5057"
"29-04-23","14:22:29","4025.047","-8850.244","0.075","10","13.49971","97683.5","292.4382"
"29-04-23","14:23:00","4025.047","-8850.244","0.316","10","13.40551","97657.19","294.5909"
"29-04-23","14:23:31","4025.046","-8850.241","0.769","9","13.40551","97701.43","290.9714"
"29-04-23","14:24:02","4025.007","-8850.151","11.428","10","13.39205","97697.05","291.33"
"29-04-23","14:24:33","4024.95","-8849.993","16.168","10","13.39205","97359.76","318.9625"
"29-04-23","14:25:04","4024.888","-8849.825","16.908","10","13.10222","97278.02","325.6737"
"29-04-23","14:25:35","4024.833","-8849.633","18.917","10","13.10222","95860.98","442.919"
"29-04-23","14:26:06","4024.767","-8849.459","17.404","10","12.37795","95659.13","459.7603"
"29-04-23","14:26:37","4024.709","-8849.261","18.72","10","12.37795","94369.02","568.2509"
"29-04-23","14:27:08","4024.659","-8849.043","19.687","10","11.94943","94251.27","578.2267"
"29-04-23","14:27:39","4024.627","-8848.794","22.021","10","11.94943","92865.71","696.5579"
"29-04-23","14:28:10","4024.593","-8848.541","21.925","10","13.2034","93207.14","667.2357"
"29-04-23","14:28:41","4024.565","-8848.328","17.438","10","13.2034","91593.18","806.8015"
"29-04-23","14:29:12","4024.53","-8848.136","17.282","10","14.32423","91895.42","780.4787"
"29-04-23","14:29:43","4024.493","-8847.948","16.292","10","14.32423","90789.73","877.198"
"29-04-23","14:30:14","4024.497","-8847.75","18.506","10","15.27598","91043.09","854.9323"
"29-04-23","14:30:45","4024.525","-8847.543","18.81","10","15.27598","89964.99","950.111"
"29-04-23","14:31:16","4024.561","-8847.328","18.945","10","15.48798","90021.16","945.1238"
"29-04-23","14:31:47","4024.598","-8847.111","20.428","10","15.48798","89025.68","1033.972"
"29-04-23","14:32:18","4024.637","-8846.893","19.831","10","16.10872","89189.13","1019.316"
"29-04-23","14:32:49","4024.683","-8846.674","19.794","10","16.10872","88320.69","1097.497"
"29-04-23","14:33:20","4024.733","-8846.464","19.189","10","16.42455","88402.92","1090.061"
"29-04-23","14:33:51","4024.792","-8846.258","18.051","10","16.42455","87606.88","1162.334"
"29-04-23","14:34:22","4024.853","-8846.061","18.756","10","15.80533","87446.7","1176.956"
"29-04-23","14:34:53","4024.915","-8845.873","18.199","10","15.80533","86748.73","1240.986"
"29-04-23","14:35:24","4024.985","-8845.681","19.128","10","15.51446","86673.86","1247.885"
"29-04-23","14:35:55","4025.048","-8845.481","19.178","10","15.51446","85955.98","1314.338"
"29-04-23","14:36:26","4025.112","-8845.271","20.437","9","15.22956","85882.76","1321.147"
"29-04-23","14:36:57","4025.172","-8845.072","19.995","11","15.22956","84885.29","1414.489"
"29-04-23","14:37:28","4025.234","-8844.874","17.985","11","15.09019","84850.31","1417.782"
"29-04-23","14:37:59","4025.299","-8844.68","18.283","10","15.09019","83994.34","1498.795"
"29-04-23","14:38:30","4025.36","-8844.477","19.254","11","15.06362","83987.91","1499.405"
"29-04-23","14:39:01","4025.422","-8844.277","18.508","11","15.06362","83091.34","1585.158"
"29-04-23","14:39:32","4025.483","-8844.079","19.909","8","14.29082","82898.75","1603.698"
"29-04-23","14:40:03","4025.546","-8843.882","18.913","10","14.29082","82141.68","1677.003"
"29-04-23","14:40:34","4025.606","-8843.676","18.932","10","13.93612","82053.73","1685.562"
"29-04-23","14:41:05","4025.665","-8843.472","19.316","9","13.93612","81289.36","1760.341"
"29-04-23","14:41:36","4025.732","-8843.265","21.083","9","13.05497","81072.88","1781.647"
"29-04-23","14:42:07","4025.798","-8843.058","19.198","9","13.05497","80454.8","1842.794"
"29-04-23","14:42:38","4025.872","-8842.841","22.405","9","12.71018","80370.6","1851.161"
"29-04-23","14:43:09","4025.952","-8842.621","20.854","9","12.71018","79784.13","1909.678"
"29-04-23","14:43:40","4026.036","-8842.407","22.311","9","11.84716","79575.09","1930.64"
"29-04-23","14:44:11","4026.125","-8842.192","22.768","9","11.84716","78760.3","2012.874"
"29-04-23","14:44:42","4026.21","-8841.976","21.116","9","11.91535","78776.63","2011.217"
"29-04-23","14:45:13","4026.301","-8841.76","21.782","9","11.91535","78041.16","2086.163"
"29-04-23","14:45:44","4026.392","-8841.549","21.583","9","11.64236","77975.57","2092.882"
"29-04-23","14:46:15","4026.483","-8841.334","22.336","9","11.64236","77302.63","2162.135"
"29-04-23","14:46:46","4026.58","-8841.119","23.649","9","11.01203","77153.5","2177.565"
"29-04-23","14:47:17","4026.68","-8840.896","24.489","8","11.01203","76389.37","2257.092"
"29-04-23","14:47:48","4026.78","-8840.667","23.484","8","10.54387","76278.51","2268.696"
"29-04-23","14:48:19","4026.889","-8840.444","21.29","8","10.54387","75573.5","2342.887"
"29-04-23","14:48:50","4027.006","-8840.231","24.219","8","9.685061","75373.02","2364.111"
"29-04-23","14:49:21","4027.126","-8840.026","23.294","8","9.685061","74580.41","2448.578"
"29-04-23","14:49:52","4027.254","-8839.823","23.026","8","8.20088","74235.86","2485.576"
"29-04-23","14:50:23","4027.382","-8839.626","23.733","8","8.20088","73430.22","2572.761"
"29-04-23","14:50:54","4027.509","-8839.425","23.416","8","7.79119","73336.19","2583.0"
"29-04-23","14:51:25","4027.635","-8839.225","21.384","8","7.79119","72642.85","2658.898"
"29-04-23","14:51:56","4027.76","-8839.023","22.479","8","6.509267","72350.88","2691.077"
"29-04-23","14:52:27","4027.885","-8838.817","24.642","8","6.509267","71517.8","2783.611"
"29-04-23","14:52:58","4028.012","-8838.618","25.477","8","4.949011","71164.95","2823.129"
"29-04-23","14:53:29","4028.145","-8838.407","23.51","9","4.949011","70194.98","2932.78"
"29-04-23","14:54:00","4028.263","-8838.167","28.186","9","3.503709","69871.75","2969.657"
"29-04-23","14:54:31","4028.365","-8837.878","26.854","9","3.503709","69019.72","3067.688"
"29-04-23","14:55:02","4028.451","-8837.604","24.876","10","0.3671936","68326.89","3148.298"
"29-04-23","14:55:33","4028.569","-8837.341","29.215","10","0.3671936","67381.97","3259.567"
"29-04-23","14:56:04","4028.671","-8837.054","25.121","10","-1.678606","66934.84","3312.762"
"29-04-23","14:56:35","4028.793","-8836.793","29.396","9","-1.678606","65990.94","3426.238"
"29-04-23","14:57:06","4028.929","-8836.545","28.804","9","-3.262955","65649.22","3467.72"
"29-04-23","14:57:37","4029.066","-8836.288","25.048","10","-3.262955","64749.92","3577.927"
"29-04-23","14:58:08","4029.191","-8836.04","27.686","10","-2.150661","64987.48","3548.667"
"29-04-23","14:58:39","4029.334","-8835.807","28.083","10","-2.150661","63445.64","3740.516"
"29-04-23","14:59:10","4029.462","-8835.54","25.881","10","-1.733536","63533.37","3729.476"
"29-04-23","14:59:41","4029.581","-8835.28","26.865","9","-1.733536","62199.9","3898.958"
"29-04-23","15:00:12","4029.712","-8835.008","27.308","10","-1.045595","62342.41","3880.673"
"29-04-23","15:00:43","4029.831","-8834.734","29.198","9","-1.045595","61226.75","4024.954"
"29-04-23","15:01:14","4029.955","-8834.465","24.157","10","-0.7347656","61290.46","4016.645"
"29-04-23","15:01:45","4030.069","-8834.2","28.578","10","-0.7347656","60050.16","4179.993"
"29-04-23","15:02:16","4030.18","-8833.94","26.895","10","-2.816184","59630.34","4236.048"
"29-04-23","15:02:47","4030.293","-8833.667","27.717","9","-2.816184","58439.31","4397.252"
"29-04-23","15:03:18","4030.414","-8833.402","25.766","10","-3.607726","58282.12","4418.771"
"29-04-23","15:03:49","4030.52","-8833.124","30.92","10","-3.607726","57391.08","4541.87"
"29-04-23","15:04:20","4030.631","-8832.829","28.134","10","-5.81658","56957.27","4602.495"
"29-04-23","15:04:51","4030.744","-8832.523","28.453","10","-5.81658","55650.84","4787.896"
"29-04-23","15:05:22","4030.849","-8832.224","30.383","9","-6.131513","55590.55","4796.557"
"29-04-23","15:05:53","4030.964","-8831.914","29.67","9","-6.131513","54938.56","4890.821"
"29-04-23","15:06:24","4031.06","-8831.637","27.812","9","-4.683836","55215.68","4850.618"
"29-04-23","15:06:55","4031.176","-8831.333","28.575","10","-4.683836","54435.3","4964.35"
"29-04-23","15:07:26","4031.283","-8831.065","26.189","10","-7.862582","53832.67","5053.296"
"29-04-23","15:07:57","4031.417","-8830.784","31.624","10","-7.862582","53083.54","5165.265"
"29-04-23","15:08:28","4031.532","-8830.477","32.297","10","-8.873212","52894.13","5193.827"
"29-04-23","15:08:59","4031.642","-8830.141","31.443","11","-8.873212","51839.79","5354.7"
"29-04-23","15:09:30","4031.74","-8829.805","30.287","11","-9.436157","51735.49","5370.792"
"29-04-23","15:10:01","4031.824","-8829.449","33.666","10","-9.436157","50852.04","5508.409"
"29-04-23","15:10:32","4031.916","-8829.08","37.912","11","-11.29592","50513.13","5561.838"
"29-04-23","15:11:03","4032.016","-8828.666","38.54","10","-11.29592","49567.34","5712.857"
"29-04-23","15:11:34","4032.125","-8828.253","37.839","11","-4.953178","50713.66","5530.181"
"29-04-23","15:12:05","4032.237","-8827.834","39.271","11","-4.953178","48776.21","5841.413"
"29-04-23","15:12:36","4032.345","-8827.408","39.789","10","0.1064789","49673.45","5695.771"
"29-04-23","15:13:07","4032.461","-8826.983","40.504","11","0.1064789","49231.13","5767.238"
"29-04-23","15:13:38","4032.576","-8826.563","38.817","11","-2.86393","48706.99","5852.759"
"29-04-23","15:14:09","4032.694","-8826.135","41.041","11","-2.86393","48761.29","5843.857"
"29-04-23","15:14:40","4032.805","-8825.701","41.316","10","-3.833041","48590.22","5871.938"
"29-04-23","15:15:11","4032.92","-8825.264","41.508","11","-3.833041","47196.14","6104.528"
"29-04-23","15:15:42","4033.043","-8824.832","41.745","10","-0.324678","47804.13","6002.256"
"29-04-23","15:16:13","4033.172","-8824.4","42.127","11","-0.324678","47573.07","6040.97"
"29-04-23","15:16:44","4033.312","-8823.977","39.996","12","-3.639873","47000.19","6137.77"
"29-04-23","15:17:15","4033.453","-8823.546","41.751","12","-3.639873","47137.08","6114.533"
"29-04-23","15:17:46","4033.594","-8823.11","41.5","12","-7.57402","46458.39","6230.411"
"29-04-23","15:18:17","4033.734","-8822.67","42.275","10","-7.57402","45939.23","6320.201"
"29-04-23","15:18:48","4033.882","-8822.231","42.031","12","-4.521059","46461.77","6229.831"
"29-04-23","15:19:19","4034.04","-8821.812","41.347","12","-4.521059","45393.26","6524.983"
"29-04-23","15:19:50","4034.203","-8821.405","39.368","12","-8.177935","45293.79","6433.253"
"29-04-23","15:20:21","4034.372","-8821.006","40.102","10","-8.101095","45306.61","6430.992"
"29-04-23","15:20:52","4034.544","-8820.609","40.314","12","-8.101095","44066.14","6652.807"
"29-04-23","15:21:23","4034.721","-8820.223","39.416","12","-2.855971","44942.69","6495.431"
"29-04-23","15:21:54","4034.905","-8819.835","41.474","10","-2.855971","43872.32","6688.025"
"29-04-23","15:22:25","4035.097","-8819.455","40.775","12","-4.732735","43562.64","6744.625"
"29-04-23","15:22:56","4035.302","-8819.072","38.599","12","-4.732735","44252.11","6619.158"
"29-04-23","15:23:27","4035.491","-8818.691","42.046","12","-11.68127","43101.02","6829.745"
"29-04-23","15:23:58","4035.677","-8818.308","39.309","11","-11.68127","43090.79","6831.642"
"29-04-23","15:24:29","4035.863","-8817.936","38.362","11","-13.62401","42771.15","6891.13"
"29-04-23","15:25:00","4036.053","-8817.544","40.689","11","-13.62401","41920.7","7051.602"
"29-04-23","15:25:31","4036.229","-8817.174","39.824","11","-13.28236","41976.31","7041.009"
"29-04-23","15:26:02","4036.412","-8816.781","42.106","10","-13.28236","40825.04","7263.21"
"29-04-23","15:26:33","4036.589","-8816.396","40.292","11","-9.98617","41352.8","7160.583"
"29-04-23","15:27:04","4036.775","-8816.018","40.684","10","-9.98617","40733.41","7281.164"
"29-04-23","15:27:35","4036.955","-8815.635","39.546","11","-12.43146","40344.79","7357.758"
"29-04-23","15:28:06","4037.136","-8815.248","39.971","11","-12.43146","40089.61","7408.455"
"29-04-23","15:28:37","4037.308","-8814.848","41.112","11","-13.99542","39842.98","7457.762"
"29-04-23","15:29:08","4037.48","-8814.417","43.968","11","-13.99542","39799.59","7466.469"
"29-04-23","15:29:39","4037.664","-8813.977","45.028","11","-14.76365","39678.64","7490.785"
"29-04-23","15:30:10","4037.851","-8813.513","47.536","10","-14.76365","38354.27","7762.023"
"29-04-23","15:30:41","4038.048","-8813.045","47.908","10","-13.08924","38612.76","7708.356"
"29-04-23","15:31:12","4038.248","-8812.581","46.974","11","-13.08924","37746.62","7889.625"
"29-04-23","15:31:43","4038.466","-8812.112","50.575","11","-8.34897","38472.72","7737.386"
"29-04-23","15:32:14","4038.675","-8811.622","49.938","10","-8.34897","37979.57","7840.464"
"29-04-23","15:32:45","4038.885","-8811.138","49.856","10","-12.83265","37298.0","7985.153"
"29-04-23","15:33:16","4039.097","-8810.65","49.891","11","-12.83265","37006.43","8047.86"
"29-04-23","15:33:47","4039.325","-8810.162","52.6","10","-19.49389","36005.79","8266.882"
"29-04-23","15:34:18","4039.565","-8809.656","52.597","11","-19.49389","36038.57","8259.609"
"29-04-23","15:34:49","4039.812","-8809.141","52.589","12","-15.69425","36608.55","8134.23"
"29-04-23","15:35:20","4040.067","-8808.615","55.205","10","-15.69425","35520.97","8375.197"
"29-04-23","15:35:51","4040.329","-8808.087","55.209","10","-15.55091","35542.25","8370.413"
"29-04-23","15:36:22","4040.607","-8807.536","60.261","10","-15.55091","35190.43","8449.896"
"29-04-23","15:36:53","4040.894","-8806.973","59.768","10","-18.93607","34694.01","8563.411"
"29-04-23","15:37:24","4041.178","-8806.393","62.03","10","-18.93607","34028.8","8718.097"
"29-04-23","15:37:55","4041.456","-8805.798","62.373","11","-13.10761","34875.46","8521.732"
"29-04-23","15:38:26","4041.741","-8805.196","63.469","10","-13.10761","33868.39","8755.849"
"29-04-23","15:38:57","4042.036","-8804.592","64.279","11","-11.31379","34126.27","8695.242"
"29-04-23","15:39:28","4042.34","-8803.969","69.416","10","-11.31379","34094.9","8753.815"
"29-04-23","15:39:59","4042.653","-8803.313","69.438","11","-12.83265","33399.36","8867.274"
"29-04-23","15:40:30","4042.974","-8802.683","66.44","11","-15.93389","32958.63","8973.409"
"29-04-23","15:41:01","4043.306","-8802.059","68.608","10","-15.93389","33118.5","8934.748"
"29-04-23","15:41:32","4043.665","-8801.412","70.874","10","-20.01594","32539.46","9075.68"
"29-04-23","15:42:03","4044.055","-8800.759","74.359","10","-20.01594","31848.68","9247.126"
"29-04-23","15:42:34","4044.472","-8800.092","75.459","11","-20.67778","31756.83","9270.201"
"29-04-23","15:43:05","4044.896","-8759.415","78.12","10","-20.67778","31552.06","9321.888"
"29-04-23","15:43:36","4045.332","-8758.72","79.391","10","-21.61102","31422.12","9354.859"
"29-04-23","15:44:07","4045.789","-8758.021","81.183","11","-21.61102","31122.64","9431.377"
"29-04-23","15:44:38","4046.248","-8757.342","81.088","11","-21.36838","31156.28","9422.747"
"29-04-23","15:45:09","4046.728","-8756.677","80.45","11","-21.36838","30187.45","9675.146"
"29-04-23","15:45:40","4047.222","-8756.018","80.655","11","-20.84444","30258.4","9656.389"
"29-04-23","15:46:11","4047.713","-8755.354","79.347","10","-20.84444","30193.07","9673.659"
"29-04-23","15:46:42","4048.168","-8754.705","77.651","12","-20.37695","30256.73","9656.83"
"29-04-23","15:47:13","4048.608","-8754.068","75.29","12","-20.37695","29409.18","9883.842"
"29-04-23","15:47:44","4049.04","-8753.454","75.468","12","-20.25292","29425.7","9879.354"
"29-04-23","15:48:15","4049.456","-8752.832","72.652","11","-20.25292","29087.26","9971.782"
"29-04-23","15:48:46","4049.854","-8752.196","72.751","11","-21.45266","28928.07","10015.63"
"29-04-23","15:49:17","4050.237","-8751.552","70.612","11","-21.45266","28661.83","10089.51"
"29-04-23","15:49:48","4050.605","-8750.911","69.676","11","-22.15279","28569.14","10115.39"
"29-04-23","15:50:19","4050.963","-8750.287","67.212","12","-22.15279","28352.51","10176.21"
"29-04-23","15:50:50","4051.305","-8749.682","65.573","10","-20.18069","28612.15","10103.37"
"29-04-23","15:51:21","4051.626","-8749.089","65.47","12","-20.18069","27815.74","10328.92"
"29-04-23","15:51:52","4051.937","-8748.502","63.49","11","-20.26324","27805.04","10332.0"
"29-04-23","15:52:23","4052.234","-8747.913","63.446","10","-20.26324","26912.08","10592.81"
"29-04-23","15:52:54","4052.531","-8747.293","65.474","11","-17.86571","27219.64","10502.01"
"29-04-23","15:53:25","4052.832","-8746.662","66.22","11","-17.86571","26467.31","10725.96"
"29-04-23","15:53:56","4053.124","-8746.016","67.296","12","-16.73625","26610.79","10682.76"
"29-04-23","15:54:27","4053.428","-8745.355","68.07","12","-16.73625","26273.68","10784.63"
"29-04-23","15:54:58","4053.732","-8744.689","69.56","12","-18.83522","26009.37","10865.41"
"29-04-23","15:55:29","4054.039","-8744.017","69.959","12","-18.83522","26048.2","10853.49"
"29-04-23","15:56:00","4054.337","-8743.344","67.434","12","-24.28507","25364.84","11065.9"
"29-04-23","15:56:31","4054.633","-8742.662","69.09","11","-24.28507","24399.18","11376.03"
"29-04-23","15:57:02","4054.914","-8741.993","68.656","12","-16.76545","25325.96","11078.16"
"29-04-23","15:57:33","4055.205","-8741.312","70.372","12","-16.76545","24892.71","11216.03"
"29-04-23","15:58:04","4055.502","-8740.626","67.36","12","-16.91165","24874.86","11221.76"
"29-04-23","15:58:35","4055.815","-8739.968","69.214","11","-16.91165","24468.0","11353.53"
"29-04-23","15:59:06","4056.137","-8739.311","66.792","10","-18.53367","24270.26","11418.36"
"29-04-23","15:59:37","4056.432","-8738.662","65.713","12","-18.53367","24048.52","11491.7"
"29-04-23","16:00:08","4056.697","-8738.016","63.184","11","-19.50408","23930.87","11530.88"
"29-04-23","16:00:39","4056.956","-8737.364","65.301","11","-19.50408","23307.29","11741.84"
"29-04-23","16:01:10","4057.226","-8736.691","66.743","11","-17.73697","23519.2","11669.52"
"29-04-23","16:01:41","4057.481","-8736.016","66.957","10","-17.73697","23160.15","11792.44"
"29-04-23","16:02:12","4057.729","-8735.325","67.465","10","-18.19378","23105.46","11811.33"
"29-04-23","16:02:43","4057.971","-8734.616","70.152","11","-18.19378","22537.66","12010.13"
"29-04-23","16:03:14","4058.196","-8733.89","67.001","10","-15.20823","22889.71","11886.29"
"29-04-23","16:03:45","4058.382","-8733.202","63.124","9","-15.20823","22926.83","11873.34"
"29-04-23","16:04:16","4058.548","-8732.545","60.371","10","-21.72744","22160.52","12144.97"
"29-04-23","16:04:47","4058.704","-8731.916","57.614","10","-21.72744","22249.59","12112.92"
"29-04-23","16:05:18","4058.829","-8731.299","54.927","9","-24.21856","21958.08","12218.29"
"29-04-23","16:05:49","4058.948","-8730.694","53.232","9","-24.21856","21438.63","12409.58"
"29-04-23","16:06:20","4059.05","-8730.113","49.237","9","-25.48492","21292.91","12464.07"
"29-04-23","16:06:51","4059.137","-8729.577","48.114","10","-25.48492","21007.62","12571.85"
"29-04-23","16:07:22","4059.232","-8729.076","45.304","10","-20.75063","21551.32","12367.69"
"29-04-23","16:07:53","4059.35","-8728.576","47.906","10","-20.75063","20815.77","12645.15"
"29-04-23","16:08:24","4059.49","-8728.059","50.408","9","-22.57062","20609.71","12724.64"
"29-04-23","16:08:55","4059.639","-8727.531","51.741","10","-22.57062","20445.19","12788.68"
"29-04-23","16:09:26","4059.787","-8726.989","51.356","9","-17.96494","20967.53","12587.11"
"29-04-23","16:09:57","4059.931","-8726.439","52.895","10","-17.96494","19934.83","12990.66"
"29-04-23","16:10:28","4100.059","-8725.862","53.388","10","-15.77083","20179.08","12893.36"
"29-04-23","16:10:59","4100.196","-8725.367","43.374","10","-15.77083","19811.75","13040.14"
"29-04-23","16:11:30","4100.344","-8724.885","42.963","9","-16.63902","19715.57","13079.03"
"29-04-23","16:12:01","4100.511","-8724.492","39.728","10","-16.63902","19837.32","13029.84"
"29-04-23","16:12:32","","","","9","-21.73803","19273.89","13260.06"
"29-04-23","16:13:03","","","","0","-21.73803","18955.55","13393.13"
"29-04-23","16:13:34","","","","0","-20.38729","19103.12","13331.17"
"29-04-23","16:14:05","","","","0","-20.38729","18518.43","13579.54"
"29-04-23","16:14:36","","","","0","-19.20925","18645.96","13524.7"
"29-04-23","16:15:07","","","","0","-19.20925","18320.39","13665.44"
"29-04-23","16:15:38","","","","0","-15.64643","18705.08","13499.41"
"29-04-23","16:16:09","","","","0","-15.64643","18301.96","13673.48"
"29-04-23","16:16:40","","","","0","-14.91465","18380.79","13639.15"
"29-04-23","16:17:11","","","","0","-14.91465","17705.56","13938.19"
"29-04-23","16:17:42","","","","0","-12.43146","17969.18","13820.1"
"29-04-23","16:18:13","","","","0","-12.43146","17137.26","14198.85"
"29-04-23","16:18:44","","","","0","-13.53149","17022.95","14252.33"
"29-04-23","16:19:15","","","","0","-13.53149","17369.08","14091.5"
"29-04-23","16:19:46","","","","0","-17.78645","16923.38","14299.2"
"29-04-23","16:20:17","","","","0","-17.78645","16955.57","14284.01"
"29-04-23","16:20:48","","","","0","-21.11629","16609.16","14448.95"
"29-04-23","16:21:19","","","","0","-21.11629","16018.29","14738.37"
"29-04-23","16:21:50","","","","0","-17.87563","16350.65","14574.28"
"29-04-23","16:22:21","","","","0","-17.87563","16094.53","14700.43"
"29-04-23","16:22:52","","","","0","-21.44212","15730.94","14883.0"
"29-04-23","16:23:23","","","","0","-21.44212","15331.37","15088.57"
"29-04-23","16:23:54","","","","0","-18.07427","15671.67","14913.17"
"29-04-23","16:24:25","","","","0","-18.07427","15601.3","14949.12"
"29-04-23","16:24:56","","","","0","-20.18069","15388.21","15059.01"
"29-04-23","16:25:27","","","","0","-20.18069","15564.91","14967.78"
"29-04-23","16:25:58","","","","0","-23.66744","15212.75","15150.63"
"29-04-23","16:26:29","","","","0","-23.66744","15290.79","15109.75"
"29-04-23","16:27:00","","","","0","-24.84246","15172.58","15171.76"
"29-04-23","16:27:31","","","","0","-24.84246","14826.34","15356.21"
"29-04-23","16:28:02","","","","0","-24.68582","14842.29","15347.61"
"29-04-23","16:28:33","","","","0","-24.68582","14493.3","15537.73"
"29-04-23","16:29:04","","","","0","-24.55191","14506.39","15530.52"
"29-04-23","16:29:35","","","","0","-24.55191","14182.37","15711.01"
"29-04-23","16:30:06","","","","0","-24.32945","14204.22","15698.71"
"29-04-23","16:30:37","","","","0","-24.32945","14058.96","15780.83"
"29-04-23","16:31:08","","","","0","-23.88723","14102.48","15756.14"
"29-04-23","16:31:39","","","","0","-23.88723","13364.24","16185.75"
"29-04-23","16:32:10","","","","0","-25.04452","13252.61","16252.77"
"29-04-23","16:32:41","","","","0","-25.04452","12713.49","16584.6"
"29-04-23","16:33:12","","","","0","-18.76472","13312.67","16216.64"
"29-04-23","16:33:43","","","","0","-18.76472","13198.29","16285.59"
"29-04-23","16:34:14","","","","0","-21.81225","12907.25","16463.74"
"29-04-23","16:34:45","","","","0","-21.81225","12756.5","16557.61"
"29-04-23","16:35:16","","","","0","-19.79017","12948.27","16438.39"
"29-04-23","16:35:47","","","","0","-19.79017","12043.49","17017.18"
"29-04-23","16:36:18","","","","0","-15.24621","12467.79","16740.53"
"29-04-23","16:36:49","","","","0","-15.24621","12401.7","16782.99"
"29-04-23","16:37:20","","","","0","-16.11664","12320.47","16835.49"
"29-04-23","16:37:51","","","","0","-16.11664","11709.41","17241.95"
"29-04-23","16:38:22","","","","0","-18.07427","11529.71","17365.51"
"29-04-23","16:38:53","","","","0","-18.07427","11395.07","17459.37"
"29-04-23","16:39:24","","","","0","-14.21931","11748.14","17215.56"
"29-04-23","16:39:55","","","","0","-14.21931","11464.92","17410.54"
"29-04-23","16:40:26","","","","0","-14.54723","11435.4","17431.13"
"29-04-23","16:40:57","","","","0","-14.54723","11243.59","17566.29"
"29-04-23","16:41:28","","","","0","-12.93333","11390.11","17462.85"
"29-04-23","16:41:59","","","","0","-12.93333","11424.68","17438.63"
"29-04-23","16:42:30","","","","0","-18.19378","10947.29","17779.68"
"29-04-23","16:43:01","","","","0","-18.19378","10477.87","18129.85"
"29-04-23","16:43:32","","","","0","-15.51274","10717.47","17949.2"
"29-04-23","16:44:03","","","","0","-15.51274","10902.78","17812.23"
"29-04-23","16:44:34","","","","0","-19.4837","10546.42","18077.75"
"29-04-23","16:45:05","","","","0","-19.4837","10556.43","18070.17"
"29-04-23","16:45:36","","","","0","-22.62441","10276.4","18284.98"
"29-04-23","16:46:07","","","","0","-22.62441","9835.062","18635.71"
"29-04-23","16:46:38","","","","0","-15.61776","10454.86","18147.41"
"29-04-23","16:47:09","","","","0","-15.61776","10070.88","18446.4"
"29-04-23","16:47:40","","","","0","-18.79492","9792.114","18670.68"
"29-04-23","16:48:11","","","","0","-18.79492","9433.728","18968.59"
"29-04-23","16:48:42","","","","0","-13.01583","9937.522","18552.9"
"29-04-23","16:49:13","","","","0","-13.01583","9879.238","18599.9"
"29-04-23","16:49:44","","","","0","-13.55923","9831.857","18638.31"
"29-04-23","16:50:15","","","","0","-13.55923","9649.781","18787.67"
"29-04-23","16:50:46","","","","0","-15.77083","9457.274","18948.68"
"29-04-23","16:51:17","","","","0","-15.77083","9311.828","19072.51"
"29-04-23","16:51:48","","","","0","-18.5437","9073.199","19279.94"
"29-04-23","16:52:19","","","","0","-18.5437","8754.094","19566.01"
"29-04-23","16:52:50","","","","0","-16.06849","8965.717","19375.15"
"29-04-23","16:53:21","","","","0","-16.06849","8789.426","19533.82"
"29-04-23","16:53:52","","","","0","-14.91465","8887.377","19445.27"
"29-04-23","16:54:23","","","","0","-14.91465","8691.722","19623.14"
"29-04-23","16:54:54","","","","0","-13.69812","8795.557","19528.25"
"29-04-23","16:55:25","","","","0","-13.69812","8390.964","19904.51"
"29-04-23","16:55:56","","","","0","-12.44965","8495.42","19805.66"
"29-04-23","16:56:27","","","","0","-12.44965","8645.379","19665.85"
"29-04-23","16:56:58","","","","0","-16.92141","8268.769","20021.72"
"29-04-23","16:57:29","","","","0","-16.92141","8093.51","20192.89"
"29-04-23","16:58:00","","","","0","-16.53225","8126.2","20160.69"
"29-04-23","16:58:31","","","","0","-16.53225","8253.898","20036.1"
"29-04-23","16:59:02","","","","0","-19.64695","7992.801","20292.94"
"29-04-23","16:59:33","","","","0","-19.64695","7954.104","20331.72"
"29-04-23","17:00:04","","","","0","-19.83115","7938.764","20347.14"
"29-04-23","17:00:35","","","","0","-19.83115","7339.228","20974.55"
"29-04-23","17:01:06","","","","0","-17.44091","7535.378","20763.81"
"29-04-23","17:01:37","","","","0","-17.44091","7674.2","20617.95"
"29-04-23","17:02:08","","","","0","-17.51972","7668.135","20624.27"
"29-04-23","17:02:39","","","","0","-17.51972","7573.593","20723.39"
"29-04-23","17:03:10","","","","0","-17.74686","7554.949","20743.08"
"29-04-23","17:03:41","","","","0","-17.74686","7430.972","20875.29"
"29-04-23","17:04:12","","","","0","-20.90705","7172.3","21158.37"
"29-04-23","17:04:43","","","","0","-20.90705","7011.992","21338.98"
"29-04-23","17:05:14","","","","0","-16.39662","7379.776","20930.52"
"29-04-23","17:05:45","","","","0","-16.39662","6993.906","21359.62"
"29-04-23","17:06:16","","","","0","-14.943","7111.304","21226.62"
"29-04-23","17:06:47","","","","0","-14.943","6740.994","21653.91"
"29-04-23","17:07:18","","","","0","-12.48603","6939.075","21422.51"
"29-04-23","17:07:49","","","","0","-12.48603","6921.437","21442.84"
"29-04-23","17:08:20","","","","0","-16.52255","6597.437","21825.9"
"29-04-23","17:08:51","","","","0","-16.52255","6197.594","22325.44"
"29-04-23","17:09:22","","","","0","-14.42523","6363.246","22114.68"
"29-04-23","17:09:53","","","","0","-14.42523","6525.994","21912.89"
"29-04-23","17:10:24","","","","0","-12.78694","6657.127","21753.94"
"29-04-23","17:10:55","","","","0","-12.78694","6446.303","22011.06"
"29-04-23","17:11:26","","","","0","-13.80016","6366.085","22111.12"
"29-04-23","17:11:57","","","","0","-13.80016","6058.381","22506.96"
"29-04-23","17:12:28","","","","0","-13.56848","6076.407","22483.22"
"29-04-23","17:12:59","","","","0","-13.56848","5843.649","22795.29"
"29-04-23","17:13:30","","","","0","-10.14412","6112.102","22436.42"
"29-04-23","17:14:01","","","","0","-10.14412","6139.384","22400.84"
"29-04-23","17:14:32","","","","0","-11.50176","6032.452","22541.22"
"29-04-23","17:15:03","","","","0","-11.50176","5776.819","22887.2"
"29-04-23","17:15:34","","","","0","-9.889819","5902.646","22715.03"
"29-04-23","17:16:05","","","","0","-9.889819","5464.542","23331.22"
"29-04-23","17:16:36","","","","0","-7.269736","5667.231","23040.22"
"29-04-23","17:17:07","","","","0","-7.269736","5394.675","23434.04"
"29-04-23","17:17:38","","","","0","-8.254849","5319.262","23546.52"
"29-04-23","17:18:09","","","","0","-8.254849","5698.056","22996.88"
"29-04-23","17:18:40","","","","0","-9.184436","5625.503","23099.27"
"29-04-23","17:19:11","","","","0","-9.184436","5183.96","23752.38"
"29-04-23","17:19:42","","","","0","-5.379535","5476.47","23313.8"
"29-04-23","17:20:13","","","","0","-5.379535","5233.069","23677.05"
"29-04-23","17:20:44","","","","0","-5.313788","5237.963","23669.58"
"29-04-23","17:21:15","","","","0","-5.313788","5248.997","23652.77"
"29-04-23","17:21:46","","","","0","-7.939162","5048.784","23963.49"
"29-04-23","17:22:17","","","","0","-7.939162","5129.667","23836.51"
"29-04-23","17:22:48","","","","0","-6.481146","5241.054","23664.87"
"29-04-23","17:23:19","","","","0","-6.481146","4813.27","24345.18"
"29-04-23","17:23:50","","","","0","-5.783508","4866.089","24257.98"
"29-04-23","17:24:21","","","","0","-5.783508","4784.805","24392.57"
"29-04-23","17:24:52","","","","0","-3.97016","4921.382","24167.7"
"29-04-23","17:25:23","","","","0","-3.97016","5029.984","23993.3"
"29-04-23","17:25:54","","","","0","-9.427463","4617.633","24676.72"
"29-04-23","17:26:25","","","","0","-9.427463","4664.766","24595.58"
"29-04-23","17:26:56","","","","0","-7.278171","4826.839","24322.69"
"29-04-23","17:27:27","","","","0","-7.278171","4502.825","24877.89"
"29-04-23","17:27:58","","","","0","-6.656584","4549.5","24795.49"
"29-04-23","17:28:29","","","","0","-6.656584","4393.45","25074.37"
"29-04-23","17:29:00","","","","0","-7.947678","4297.477","25250.84"
"29-04-23","17:29:31","","","","0","-7.947678","4548.332","24797.54"
"29-04-23","17:30:02","","","","0","-10.39056","4365.931","25124.57"
"29-04-23","17:30:33","","","","0","-10.39056","4229.625","25378.0"
"29-04-23","17:31:04","","","","0","-10.17927","4245.216","25348.6"
"29-04-23","17:31:35","","","","0","-10.17927","4142.255","25544.77"
"29-04-23","17:32:06","","","","0","-8.873212","4238.879","25360.53"
"29-04-23","17:32:37","","","","0","-8.873212","4275.811","25291.22"
"29-04-23","17:33:08","","","","0","-9.080542","4260.205","25320.44"
"29-04-23","17:33:39","","","","0","-9.080542","3970.363","25883.41"
"29-04-23","17:34:10","","","","0","-9.81109","3916.972","25991.58"
"29-04-23","17:34:41","","","","0","-9.81109","3718.389","26407.29"
"29-04-23","17:35:12","","","","0","-7.396364","3895.012","26036.51"
"29-04-23","17:35:43","","","","0","-7.396364","3962.95","25898.34"
"29-04-23","17:36:14","","","","0","-8.066974","3914.023","25997.6"
"29-04-23","17:36:45","","","","0","-8.066974","3803.025","26227.47"
"29-04-23","17:37:16","","","","0","-7.404816","3851.023","26127.25"
"29-04-23","17:37:47","","","","0","-7.404816","3914.156","25997.33"
"29-04-23","17:38:18","","","","0","-10.26723","3704.489","26437.21"
"29-04-23","17:38:49","","","","0","-10.26723","3493.168","26906.52"
"29-04-23","17:39:20","","","","0","-10.17049","3500.716","26889.27"
"29-04-23","17:39:51","","","","0","-10.17049","3351.396","27237.56"
"29-04-23","17:40:22","","","","0","-4.977712","3727.738","26387.23"
"29-04-23","17:40:53","","","","0","-4.977712","3631.82","26595.51"
"29-04-23","17:41:24","","","","0","-8.632095","3367.288","27199.76"
"29-04-23","17:41:55","","","","0","-8.632095","3196.226","27616.34"
"29-04-23","17:42:26","","","","0","-3.97016","3532.477","26817.11"
"29-04-23","17:42:57","","","","0","-3.97016","3375.474","27180.36"
"29-04-23","17:43:28","","","","0","-7.067584","3152.679","27725.94"
"29-04-23","17:43:59","","","","0","-7.067584","3100.489","27859.32"
"29-04-23","17:44:30","","","","0","-4.253221","3302.245","27355.61"
"29-04-23","17:45:01","","","","0","-4.253221","3052.041","27985.16"
"29-04-23","17:45:32","","","","0","-1.006677","3284.721","27398.12"
"29-04-23","17:46:03","","","","0","-1.006677","3345.302","27252.1"
"29-04-23","17:46:34","","","","0","-5.750449","3005.868","28106.96"
"29-04-23","17:47:05","","","","0","-5.750449","3010.689","28094.15"
"29-04-23","17:47:36","","","","0","-5.700891","3013.761","28086.0"
"29-04-23","17:48:07","","","","0","-5.700891","3135.002","27770.87"
"29-04-23","17:48:38","","","","0","-7.455533","3010.109","28095.69"
"29-04-23","17:49:09","","","","0","-7.455533","2895.533","28405.76"
"29-04-23","17:49:40","","","","0","-5.824852","3011.592","28091.76"
"29-04-23","17:50:11","","","","0","-5.824852","2973.027","28194.73"
"29-04-23","17:50:42","","","","0","-5.667868","2983.66","28166.21"
"29-04-23","17:51:13","","","","0","-5.667868","2856.21","28515.01"
"29-04-23","17:51:44","","","","0","-7.000327","2762.338","28782.02"
"29-04-23","17:52:15","","","","0","-7.000327","2670.308","29052.75"
"29-04-23","17:52:46","","","","0","-7.624856","2625.659","29187.48"
"29-04-23","17:53:17","","","","0","-7.624856","2666.121","29065.29"
"29-04-23","17:53:48","","","","0","-6.639859","2736.254","28857.83"
"29-04-23","17:54:19","","","","0","-6.639859","2783.683","28720.52"
"29-04-23","17:54:50","","","","0","-6.131513","2819.698","28617.81"
"29-04-23","17:55:21","","","","0","-6.131513","2801.116","28670.64"
"29-04-23","17:55:52","","","","0","-6.131513","2801.116","28670.64"
"29-04-23","17:56:23","","","","0","-6.131513","2666.924","29062.88"
"29-04-23","17:56:54","","","","0","-7.337244","2581.951","29321.61"
"29-04-23","17:57:25","","","","0","-7.337244","2599.107","29268.69"
"29-04-23","17:57:56","","","","0","-8.486101","2518.25","29521.21"
"29-04-23","17:58:27","","","","0","-8.486101","2566.844","29368.49"
"29-04-23","17:58:58","","","","0","-6.983518","2672.462","29046.31"
"29-04-23","17:59:29","","","","0","-6.983518","2435.514","29788.12"
"29-04-23","18:00:00","","","","0","-7.362575","2408.89","29875.94"
"29-04-23","18:00:31","","","","0","-7.362575","2332.036","30135.01"
"29-04-23","18:01:02","","","","0","-3.198976","2623.76","29193.26"
"29-04-23","18:01:33","","","","0","-3.198976","2230.944","30489.11"
"29-04-23","18:02:04","","","","0","-0.9055801","2390.465","29937.29"
"29-04-23","18:02:35","","","","0","-0.9055801","2610.542","29233.62"
"29-04-23","18:03:06","","","","0","-6.41442","2225.9","30507.19"
"29-04-23","18:03:37","","","","0","-6.41442","2243.78","30443.27"
"29-04-23","18:04:08","","","","0","-2.134879","2542.769","29443.79"
"29-04-23","18:04:39","","","","0","-2.134879","2064.272","31109.51"
"29-04-23","18:05:10","","","","0","2.155737","2361.344","30035.23"
"29-04-23","18:05:41","","","","0","2.155737","2140.435","30820.02"
"29-04-23","18:06:12","","","","0","3.274239","2217.688","30536.72"
"29-04-23","18:06:43","","","","0","3.274239","2085.51","31027.73"
"29-04-23","18:07:14","","","","0","4.496507","2169.595","30711.9"
"29-04-23","18:07:45","","","","0","4.496507","2131.524","30853.35"
"29-04-23","18:08:16","","","","0","7.080997","2310.674","30208.54"
"29-04-23","18:08:47","","","","0","7.080997","2030.561","31241.07"
"29-04-23","18:09:18","","","","0","8.644092","2137.927","30829.38"
"29-04-23","18:09:49","","","","0","8.644092","2345.729","30088.24"
"29-04-23","18:10:20","","","","0","3.177838","1968.422","31489.4"
"29-04-23","18:10:51","","","","0","3.177838","2279.113","30318.43"
"29-04-23","18:11:22","","","","0","-0.8667282","1999.926","31362.53"
"29-04-23","18:11:53","","","","0","-0.8667282","1954.656","31545.47"
"29-04-23","18:12:24","","","","0","-1.812077","1889.793","31815.11"
"29-04-23","18:12:55","","","","0","-1.812077","2005.158","31341.65"
"29-04-23","18:13:26","","","","0","2.320648","2290.58","30278.33"
"29-04-23","18:13:57","","","","0","2.320648","1830.363","32070.41"
"29-04-23","18:14:28","","","","0","2.3506","1832.576","32060.76"
"29-04-23","18:14:59","","","","0","2.3506","2017.094","31294.24"
"29-04-23","18:15:30","","","","0","0.8025238","1910.866","31726.5"
"29-04-23","18:16:01","","","","0","0.8025238","1939.53","30925.3"
"29-04-23","18:16:32","","","","0","3.318694","1932.412","31636.92"
"29-04-23","18:17:03","","","","0","4.115331","1987.6","31411.93"
"29-04-23","18:17:34","","","","0","4.115331","1986.895","31414.76"
"29-04-23","18:18:05","","","","0","0.6500244","1749.543","32431.24"
"29-04-23","18:18:36","","","","0","0.6500244","2127.639","30867.93"
"29-04-23","18:19:07","","","","0","-2.816184","1888.775","31819.42"
"29-04-23","18:19:38","","","","0","-2.816184","1680.765","32751.68"
"29-04-23","18:20:09","","","","0","2.515152","2045.833","31181.2"
"29-04-23","18:20:40","","","","0","2.515152","1770.708","32335.16"
"29-04-23","18:21:11","","","","0","5.573189","1979.95","31442.74"
"29-04-23","18:21:42","","","","0","5.573189","1784.188","32274.57"
"29-04-23","18:22:13","","","","0","8.222029","1964.784","31504.18"
"29-04-23","18:22:44","","","","0","8.222029","1657.655","32862.3"
"29-04-23","18:23:15","","","","0","12.91988","1977.29","31453.48"
"29-04-23","18:23:46","","","","0","12.91988","1842.937","32015.71"
"29-04-23","18:24:17","","","","0","9.86569","1635.788","32968.41"
"29-04-23","18:24:48","","","","0","9.86569","1919.076","31692.25"
"29-04-23","18:25:19","","","","0","9.40659","1888.119","31822.19"
"29-04-23","18:25:50","","","","0","9.40659","1717.038","32581.08"
"29-04-23","18:26:21","","","","0","9.071477","1693.845","32689.74"
"29-04-23","18:26:52","","","","0","9.071477","1958.11","31531.36"
"29-04-23","18:27:23","","","","0","4.122674","1621.338","33039.3"
"29-04-23","18:27:54","","","","0","4.122674","1546.672","33416.0"
"29-04-23","18:28:25","","","","0","9.948956","1942.942","31593.5"
"29-04-23","18:28:56","","","","0","9.948956","1735.253","32496.77"
"29-04-23","18:29:27","","","","0","7.259004","1553.138","33382.66"
"29-04-23","18:29:58","","","","0","7.259004","1905.712","31748.08"
"29-04-23","18:30:29","","","","0","5.551486","1789.059","32252.78"
"29-04-23","18:31:00","","","","0","5.551486","1488.016","33724.91"
"29-04-23","18:31:31","","","","0","9.204251","1734.892","32498.43"
"29-04-23","18:32:02","","","","0","9.204251","1923.709","31672.98"
"29-04-23","18:32:33","","","","0","3.703105","1550.355","33397.0"
"29-04-23","18:33:04","","","","0","3.703105","1487.02","33730.26"
"29-04-23","18:33:35","","","","0","6.085524","1648.009","32908.93"
"29-04-23","18:34:06","","","","0","6.085524","1444.243","33963.47"
"29-04-23","18:34:37","","","","0","10.00443","1709.029","32618.44"
"29-04-23","18:35:08","","","","0","10.00443","1812.529","32148.64"
"29-04-23","18:35:39","","","","0","6.351468","1564.609","33323.87"
"29-04-23","18:36:10","","","","0","6.351468","1509.39","33610.96"
"29-04-23","18:36:41","","","","0","10.37816","1782.414","32282.51"
"29-04-23","18:37:12","","","","0","10.37816","1605.961","33115.44"
"29-04-23","18:37:43","","","","0","7.038226","1380.898","34321.84"
"29-04-23","18:38:14","","","","0","7.038226","1854.54","31965.57"
"29-04-23","18:38:45","","","","0","2.305667","1532.872","33487.61"
"29-04-23","18:39:16","","","","0","2.305667","1387.663","34282.79"
"29-04-23","18:39:47","","","","0","8.299535","1793.005","32235.18"
"29-04-23","18:40:18","","","","0","8.299535","1531.334","33495.63"
"29-04-23","18:40:49","","","","0","7.379872","1469.766","33823.51"
"29-04-23","18:41:20","","","","0","7.379872","1865.009","31920.59"
"29-04-23","18:41:51","","","","0","1.409869","1459.53","33879.35"
"29-04-23","18:42:22","","","","0","1.409869","1572.241","33284.99"
"29-04-23","18:42:53","","","","0","2.432913","1642.009","32938.08"
"29-04-23","18:43:24","","","","0","2.432913","1576.751","33262.11"
"29-04-23","18:43:55","","","","0","3.162999","1626.064","33016.05"
"29-04-23","18:44:26","","","","0","3.162999","1654.881","32875.69"
